<?xml version="1.0" encoding="UTF-8"?><metadata>
    <idinfo>
        <citation>
            <citeinfo>
                <origin/>
                <title>CA Bulletin 118 Groundwater Basins</title>
                <onlink>https://gis.water.ca.gov/arcgis/rest/services/Geoscientific/i08_B118_CA_GroundwaterBasins/FeatureServer</onlink>
            </citeinfo>
        </citation>
        <descript>
            <abstract>The dataset is a feature class showing the boundaries of 515 groundwater basins and subbasins as defined by the California Department of Water Resources as last modified by the Basin Boundary Emergency Regulation adopted on October 21, 2015 and subsequent modifications requested through the Basin Boundary Modification Request Process. The file is in ESRI geodatabase format and is intended for use with compatible GIS software. Groundwater basins are represented as polygon features and designated on the basis of geological and hydrological conditions - usually the occurrence of alluvial or unconsolidated deposits. When practical, large basins are also subdivided by political boundaries, as in the Central Valley. Basins are named and numbered per the convention of the Department of Water Resources. </abstract>
            <purpose>California Department of Water Resources Bulletin 118 Goundwater Basin Boundaries</purpose>
        </descript>
        <keywords>
            <theme>
                <themekt>None</themekt>
                <themekey>groundwater</themekey>
                <themekey>geology</themekey>
                <themekey>aquifers</themekey>
                <themekey>basins</themekey>
                <themekey>subbasins</themekey>
                <themekey>California</themekey>
                <themekey>water</themekey>
                <themekey>B118</themekey>
                <themekey>Bulletin 118</themekey>
                <themekey>CAOpenData</themekey>
                <themekey>California Department of Water Resources</themekey>
                <themekey>California Natural Resources Agency</themekey>
                <themekey>East Branch</themekey>
                <themekey>FERC boundaries</themekey>
                <themekey>2015</themekey>
                <themekey>boundaries</themekey>
                <themekey>San Bernardino</themekey>
                <themekey>Los Angeles</themekey>
                <themekey>West Branch</themekey>
            </theme>
        </keywords>
        <accconst>Other Constraints</accconst>
        <useconst>None</useconst>
        <datacred>California Department of Water Resources. Contact: gis@water.ca.gov</datacred>
    </idinfo>
    <metainfo>
        <metd>20211029</metd>
        <metc>
            <cntinfo>
                <!--no contact person or organization name available-->
            </cntinfo>
        </metc>
        <metstdn>FGDC Content Standard for Digital Geospatial Metadata</metstdn>
        <metstdv>FGDC-STD-001-1998</metstdv>
        <mettc>local time</mettc>
    </metainfo>
</metadata>
